date,core_rain,anom,regime
2026-06-01,0.8417757749557495,-0.42578306451251235,Normal
2026-06-02,3.253138780593872,1.0456917328095896,Normal
2026-06-03,0.7910341620445251,-0.5081305705833984,Normal
2026-06-04,1.1131069660186768,-0.3817976214454973,Normal
2026-06-05,2.9925732612609863,0.447947255500236,Normal
2026-06-06,1.5759309530258179,-0.3241112544445478,Normal
2026-06-07,2.1574480533599854,-0.1374470919824313,Normal
2026-06-08,1.5074092149734497,-0.4787416332836503,Normal
2026-06-09,1.328904151916504,-0.6119379094320289,Normal
2026-06-10,,,Normal
2026-06-11,2.3285744190216064,-0.3988125604786659,Normal
2026-06-12,2.456498861312866,-0.4360046932984648,Normal
2026-06-13,,,Normal
2026-06-14,1.6573388576507568,-0.7751462089317295,Normal
2026-06-15,1.6106208562850952,-0.8420683221214957,Normal
2026-06-16,,,Normal
2026-06-17,,,Normal
2026-06-18,1.9316813945770264,-1.0411805484196865,Normal
2026-06-19,2.5765085220336914,-0.9628452727831571,Normal
2026-06-20,2.5477962493896484,-1.030849336606672,Break
2026-06-21,1.6936086416244507,-1.3468484463590513,Break
2026-06-22,2.159324884414673,-1.2153805705503016,Break
2026-06-23,4.206782817840576,-0.587636223538943,Normal
2026-06-24,5.730072021484375,-0.15925127482255808,Normal
2026-06-25,4.294500350952148,-0.566309555946495,Normal
2026-06-26,2.975602388381958,-0.9401070363488979,Normal
2026-06-27,2.829305410385132,-0.9768689579990459,Normal
2026-06-28,4.377956867218018,-0.6757555045938877,Normal
2026-06-29,5.433300971984863,-0.46809445494575724,Normal
2026-06-30,8.113508224487305,0.10503801191601109,Normal
2026-07-01,9.557538986206055,0.43238905299533287,Normal
2026-07-02,12.38737964630127,1.0688503069577453,Active
2026-07-03,13.794112205505371,1.4021194786097175,Active
2026-07-04,14.965001106262207,1.5467701354487033,Active
2026-07-05,15.542939186096191,1.6729184991662882,Active
2026-07-06,18.414213180541992,2.365458822164785,Active
2026-07-07,17.016469955444336,2.111952559888446,Active
2026-07-08,14.336365699768066,1.4050803220426669,Active
2026-07-09,7.569362640380859,-0.3063106090041085,Normal
2026-07-10,5.728505611419678,-0.827121377230841,Normal
2026-07-11,4.716396331787109,-1.1055749264503065,Break
2026-07-12,1.5391905307769775,-1.9122740185606333,Break
2026-07-13,2.199479579925537,-1.7723919026454453,Break
2026-07-14,2.8050146102905273,-1.6329059391256981,Break
2026-07-15,2.9289543628692627,-1.6063620884828727,Break
2026-07-16,5.5342888832092285,-0.9600964845912642,Normal
2026-07-17,7.496996879577637,-0.4945492939814996,Normal
2026-07-18,6.945052146911621,-0.6830925122144682,Normal
2026-07-19,7.812219619750977,-0.45341479935805484,Normal
2026-07-20,8.4512939453125,-0.3414518851785011,Normal
2026-07-21,,,Normal
2026-07-22,18.632741928100586,1.9587119903789167,Active
2026-07-23,16.762203216552734,1.4751938772182405,Active
2026-07-24,15.068674087524414,1.0828309907947193,Active
2026-07-25,,,Normal
2026-07-26,7.337998867034912,-0.5772627696492812,Normal
2026-07-27,6.086545467376709,-0.8554941733705108,Normal
2026-07-28,13.04049015045166,0.49968339017673313,Normal
2026-07-29,15.831467628479004,1.1314947127554498,Normal
2026-07-30,14.40866756439209,0.9570610218554981,Normal
2026-07-31,14.834816932678223,1.2112062075615782,Normal
2026-08-01,11.84640884399414,0.5633934908639454,Normal
2026-08-02,7.045899868011475,-0.5559554225026342,Normal
2026-08-03,4.90736722946167,-1.0771566523800435,Normal
2026-08-04,8.237269401550293,-0.3460717477028588,Normal
2026-08-05,7.8627166748046875,-0.4567345787659994,Normal
2026-08-06,9.9358491897583,0.032939000347319634,Normal
2026-08-07,9.13497257232666,-0.0842722961885882,Normal
2026-08-08,7.749546051025391,-0.3469139984150288,Normal
2026-08-09,8.488649368286133,-0.11939330026535687,Normal
2026-08-10,7.777665615081787,-0.25719536710517815,Normal
2026-08-11,6.429376125335693,-0.6500393471935383,Normal
2026-08-12,8.533625602722168,-0.14411791036104665,Normal
2026-08-13,8.604718208312988,-0.10483577875319558,Normal
2026-08-14,8.654457092285156,-0.12387731575119927,Normal
2026-08-15,7.714944839477539,-0.3303553426652603,Normal
2026-08-16,7.526191234588623,-0.2874776739830508,Normal
2026-08-17,8.017199516296387,-0.09313713206837919,Normal
2026-08-18,11.067809104919434,0.8450963088396591,Normal
2026-08-19,7.327643394470215,-0.29626349761469334,Normal
2026-08-20,5.9305806159973145,-0.7057528251088658,Normal
2026-08-21,3.011422634124756,-1.4302750101994133,Normal
2026-08-22,4.034541130065918,-1.0333728393420452,Normal
2026-08-23,7.384608268737793,-0.07633188962923886,Normal
2026-08-24,10.877246856689453,0.9543344840296754,Normal
2026-08-25,9.904498100280762,0.7630868889778635,Normal
2026-08-26,7.071695327758789,-0.05935241516261784,Normal
2026-08-27,6.584728240966797,-0.2182182474793326,Normal
2026-08-28,5.731932163238525,-0.4916957692229178,Normal
2026-08-29,4.755580902099609,-0.8058062678777715,Normal
2026-08-30,7.00061559677124,-0.15762137664613163,Normal
2026-08-31,6.910202980041504,-0.18542220900289985,Normal
2026-09-01,8.427560806274414,0.26879759493749156,Normal
2026-09-02,7.381607532501221,0.014522423168834862,Normal
2026-09-03,7.774881839752197,0.14228786869167323,Normal
2026-09-04,6.042705059051514,-0.29887070160557544,Normal
2026-09-05,5.686058521270752,-0.3838756481838144,Normal
2026-09-06,4.074101448059082,-0.791073856675267,Normal
2026-09-07,4.082503318786621,-0.7904822506045349,Normal
2026-09-08,2.390183210372925,-1.2339084290280853,Normal
2026-09-09,1.937377691268921,-1.3402395205297954,Normal
2026-09-10,3.5299553871154785,-0.7990080022870909,Normal
2026-09-11,7.805215835571289,0.5616750514540039,Normal
2026-09-12,,,Normal
2026-09-13,8.676375389099121,0.8511761298221261,Normal
2026-09-14,6.541078090667725,0.22616381824255852,Normal
2026-09-15,,,Normal
2026-09-16,2.316337823867798,-0.985823056872033,Normal
2026-09-17,1.9329098463058472,-1.0906467670953686,Normal
2026-09-18,,,Normal
2026-09-19,,,Normal
2026-09-20,3.190544605255127,-0.6587330858706862,Normal
2026-09-21,3.6726255416870117,-0.45506279871127386,Normal
2026-09-22,3.0500376224517822,-0.5911280851293259,Normal
2026-09-23,7.216665744781494,0.6014936095733601,Normal
2026-09-24,12.044498443603516,1.9980887157006657,Active
2026-09-25,18.80379295349121,3.9610630284266706,Active
2026-09-26,20.275436401367188,4.314436215555362,Active
